<?xml version="1.0" encoding="UTF-8"?>
<!--
 ~ Copyright (c) 2009-2010, WSO2 Inc. (http://www.wso2.org) All Rights Reserved.
 ~
 ~ Licensed under the Apache License, Version 2.0 (the "License");
 ~ you may not use this file except in compliance with the License.
 ~ You may obtain a copy of the License at
 ~
 ~      http://www.apache.org/licenses/LICENSE-2.0
 ~
 ~ Unless required by applicable law or agreed to in writing, software
 ~ distributed under the License is distributed on an "AS IS" BASIS,
 ~ WITHOUT WARRANTIES OR CONDITIONS OF ANY KIND, either express or implied.
 ~ See the License for the specific language governing permissions and
 ~ limitations under the License.
-->
<hic:HTDeploymentConfig xmlns:hic="http://wso2.org/ht/schema/deployment/config"
	xmlns:worklist="http://wso2.org/worklist/" xmlns:task="http://wso2.org">
	<hic:task name="task:AddTask">
		<hic:publish>
			<hic:service name="worklist:WorkListService" port="WorkListPort" />
		</hic:publish>
		<hic:callback>
			<hic:service name="worklist:WorkListServiceCB" port="WorkListPortCB" />
		</hic:callback>
	</hic:task>
</hic:HTDeploymentConfig>
